Workbook

Sheet Read me
B2: Interview Signal Layer — Parameter Dictionary
B3: Generated 31 Aug 2026 from the pipeline source. Rev 1.0
B5: HOW TO READ THIS
B6: Every row is one number the pipeline emits. Two columns decide whether you may act on it:
B8: validity_tier — what the evidence supports
B9: Measured A real physical quantity. Trust it within its stated error and confounds.
B10: Weak inference Computable, but the mapping to any psychological state is contested. Display with error bars; never feed a decision.
B11: Do not ship Listed so nobody re-adds it later. The measurement cannot be made validly in this setting.
B13: status — where it is in the build
B14: Implemented Emitted today by the prototype in interview-signals.zip
B15: Phase 1/2 Specified, not yet built. See the build sequence in the spec.
B16: Excluded Deliberately not built.
... B21: Thought content, honesty/deception, personality traits, and any hireability score. None can be validly derived from these signals.

Sheet Summary
B2: Parameter counts
B3: Live formulas over the Parameters sheet — they update if you add or edit rows there.
B5: By signal group
B6: Group | C6: Count | D6: Share
B7: A Facial action units | C7: =COUNTIF(Parameters!$B$2:$B$158,$B7) | D7: =IFERROR(C7/$C$13,0)
B8: B Upper-body kinesics | C8: =COUNTIF(Parameters!$B$2:$B$158,$B8) | D8: =IFERROR(C8/$C$13,0)
B9: C Physiological (rPPG) | C9: =COUNTIF(Parameters!$B$2:$B$158,$B9) | D9: =IFERROR(C9/$C$13,0)
B10: D Vocal prosody | C10: =COUNTIF(Parameters!$B$2:$B$158,$B10) | D10: =IFERROR(C10/$C$13,0)
B11: E Linguistic content | C11: =COUNTIF(Parameters!$B$2:$B$158,$B11) | D11: =IFERROR(C11/$C$13,0)
B12: F Session integrity | C12: =COUNTIF(Parameters!$B$2:$B$158,$B12) | D12: =IFERROR(C12/$C$13,0)
B13: Total | C13: =SUM(C7:C12)
B15: By validity tier
B16: Validity tier | C16: Count | D16: Share
B17: Measured | C17: =COUNTIF(Parameters!$H$2:$H$158,$B17) | D17: =IFERROR(C17/$C$20,0)
B18: Weak inference | C18: =COUNTIF(Parameters!$H$2:$H$158,$B18) | D18: =IFERROR(C18/$C$20,0)
B19: Do not ship | C19: =COUNTIF(Parameters!$H$2:$H$158,$B19) | D19: =IFERROR(C19/$C$20,0)
B20: Total | C20: =SUM(C17:C19)
B22: By build status
B23: Status | C23: Count | D23: Share
B24: Implemented | C24: =COUNTIF(Parameters!$I$2:$I$158,$B24) | D24: =IFERROR(C24/$C$28,0)
B25: Phase 1 | C25: =COUNTIF(Parameters!$I$2:$I$158,$B25) | D25: =IFERROR(C25/$C$28,0)
B26: Phase 2 | C26: =COUNTIF(Parameters!$I$2:$I$158,$B26) | D26: =IFERROR(C26/$C$28,0)
B27: Excluded | C27: =COUNTIF(Parameters!$I$2:$I$158,$B27) | D27: =IFERROR(C27/$C$28,0)
B28: Total | C28: =SUM(C24:C27)

Sheet Parameters
A1: Parameter ID | B1: Group | C1: Sub-group | D1: Parameter | E1: Type | F1: Unit / range | G1: Rate (Hz) | H1: Validity tier | I1: Status | J1: What it measures | K1: Principal confound
A2: face.AU01 | B2: A Facial action units | C2: A1 Upper face | D2: Inner brow raiser | E2: Raw | F2: 0.0-1.0 activation | G2: 30 | H2: Measured | I2: Implemented | J2: Surprise or concern component; also plain listening behaviour | K2: Fires constantly in normal conversational backchannel
A3: face.AU02 | B3: A Facial action units | C3: A1 Upper face | D3: Outer brow raiser | E3: Raw | F3: 0.0-1.0 activation | G3: 30 | H3: Measured | I3: Implemented | J3: Surprise, emphasis, conversational punctuation | K3: Habitual expressive style varies enormously between people
A4: face.AU02_L | B4: A Facial action units | C4: A1 Upper face | D4: Outer brow raiser — left side | E4: Raw | F4: 0.0-1.0 | G4: 30 | H4: Measured | I4: Implemented | J4: Left-hemiface activation, measured independently | K4: Habitual expressive style varies enormously between people
A5: face.AU02_R | B5: A Facial action units | C5: A1 Upper face | D5: Outer brow raiser — right side | E5: Raw | F5: 0.0-1.0 | G5: 30 | H5: Measured | I5: Implemented | J5: Right-hemiface activation, measured independently | K5: Habitual expressive style varies enormously between people
A6: face.AU02_asym | B6: A Facial action units | C6: A4 Asymmetry | D6: Outer brow raiser — asymmetry | E6: Derived | F6: 0.0-1.0 (|L-R|) | G6: 30 | H6: Weak inference | I6: Implemented | J6: Left-right imbalance. Spontaneous expressions are more symmetric than posed ones as a population tendency | K6: Facial nerve variation, unilateral habit, camera angle. Never a per-person verdict
A7: face.AU04 | B7: A Facial action units | C7: A1 Upper face | D7: Brow lowerer | E7: Raw | F7: 0.0-1.0 activation | G7: 30 | H7: Measured | I7: Implemented | J7: Concentration, effortful recall, confusion | K7: Bright screen, squinting at small text, uncorrected vision
A8: face.AU04_L | B8: A Facial action units | C8: A1 Upper face | D8: Brow lowerer — left side | E8: Raw | F8: 0.0-1.0 | G8: 30 | H8: Measured | I8: Implemented | J8: Left-hemiface activation, measured independently | K8: Bright screen, squinting at small text, uncorrected vision
A9: face.AU04_R | B9: A Facial action units | C9: A1 Upper face | D9: Brow lowerer — right side | E9: Raw | F9: 0.0-1.0 | G9: 30 | H9: Measured | I9: Implemented | J9: Right-hemiface activation, measured independently | K9: Bright screen, squinting at small text, uncorrected vision
A10: face.AU04_asym | B10: A Facial action units | C10: A4 Asymmetry | D10: Brow lowerer — asymmetry | E10: Derived | F10: 0.0-1.0 (|L-R|) | G10: 30 | H10: Weak inference | I10: Implemented | J10: Left-right imbalance. Spontaneous expressions are more symmetric than posed ones as a population tendency | K10: Facial nerve variation, unilateral habit, camera angle. Never a per-person verdict
A11: face.AU05 | B11: A Facial action units | C11: A2 Mid face / periocular | D11: Upper lid raiser | E11: Raw | F11: 0.0-1.0 activation | G11: 30 | H11: Measured | I11: Implemented | J11: Alertness, surprise, startle | K11: Wide-set eyes and eyelid anatomy shift the baseline
A12: face.AU05_L | B12: A Facial action units | C12: A2 Mid face / periocular | D12: Upper lid raiser — left side | E12: Raw | F12: 0.0-1.0 | G12: 30 | H12: Measured | I12: Implemented | J12: Left-hemiface activation, measured independently | K12: Wide-set eyes and eyelid anatomy shift the baseline
A13: face.AU05_R | B13: A Facial action units | C13: A2 Mid face / periocular | D13: Upper lid raiser — right side | E13: Raw | F13: 0.0-1.0 | G13: 30 | H13: Measured | I13: Implemented | J13: Right-hemiface activation, measured independently | K13: Wide-set eyes and eyelid anatomy shift the baseline
... A158: quality.face_bbox_px | B158: F Session integrity | C158: F1 Capture quality | D158: Face bounding box | E158: Raw | F158: pixels [w, h] | G158: 1 | H158: Measured | I158: Implemented | J158: Face box dimensions; resolution is its smaller side | K158: Sitting distance and camera field of view
